FOLDER1,CATEGORY1,SUBCATEGORY1,SUBSUBCATEGORY1
,Quality,,
ADMET,Pretrained Models,BBB,
ADMET,Pretrained Models,CYP450,
ADMET,Pretrained Models,CYP450,
ADMET,Pretrained Models,General,
ADMET,Pretrained Models,General,
ADMET,Pretrained Models,General,
ADMET,Pretrained Models,General,
ADMET,Pretrained Models,General,
ADMET,Pretrained Models,General,
ADMET,Pretrained Models,General,
ADMET,Pretrained Models,General,
ADMET,Pretrained Models,Metabolites,
ADMET,Pretrained Models,PK,
ADMET,Pretrained Models,Toxicity,
ADMET,Pretrained Models,Toxicity,Toxicity
ADMET,Pretrained Models,hERG,
ADMET,Pretrained Models,hERG,
ADMET,Pretrained Models,hERG,
ADMET,Pretrained Models,logP,
ADMET,Pretrained Models,logP,
Binding Affinity Prediction,Reviews,,
Bioinformatics,Sequence Family Classification,,
Chemical Space,Chemical Space Comparison,,
Chemical Space,Chemical Space Search,,
Chemical Space,Chemical Space Search,,
Chemical Space,Chemical Space Search,,
Chemical Space,Chemical Space Search,,
Chemical Space,Chemical Space Search,,
Chemical Space,Chemical library generation,,
Chemical Space,Chemical library generation,,
Chemical Space,Chemical library generation,Fragment Library Enumeration,
Chemical Space,Diversity Determination,,
Chemical Space,Reviews,,
Chemical Space,Visualisation,,
Chemical Space,Visualisation,,
Chemical Space,Visualisation,,
Chemical Space,Visualisation,,
Clustering,Clustering,,
Combinatorial Chemistry,Combinatorial Chemistry,,
Compound Library Handling,Biopolymer handling,,
Compound Library Handling,Data splitting,,
Compound Library Handling,Data splitting,Article,
Compound Library Handling,Data splitting,Blog Post,
Compound Library Handling,Database Management,,
Compound Library Handling,Library Filtering,Functional Groups,
Compound Library Handling,Library Filtering,Structural Alerts,
Compound Library Handling,Library Filtering,Structural Alerts,
Compound Library Handling,Library Filtering,Structural Alerts,
Compound Library Handling,Library Filtering,Structural Alerts,
Compound Library Handling,Library Filtering,Structural Alerts,
Compound Library Handling,Library Filtering,Structural Alerts,Aggregators
Compound Library Handling,Molecule Preparation,,
Compound Library Handling,Molecule Preparation,,
Compound Library Handling,Molecule Preparation,Protonation,
Compound Library Handling,Molecule Preparation,Reviews,
Compound Library Handling,Molecule Preparation,Standardization,
Compound Library Handling,Molecule Preparation,Standardization,
Compound Library Handling,Molecule Preparation,Standardization,
Compound Library Handling,Molecule Preparation,Standardization,
Compound Library Handling,Molecule Preparation,Standardization,
Compound Library Handling,Molecule Preparation,Standardization,
Compound Library Handling,Molecule Preparation,Standardization,
Compound Library Handling,Molecule Preparation,Tautomer Generation,
Compound Library Handling,Molecule Preparation,pKa,
Conformer Generation,Classical,,
Conformer Generation,Classical,,
Conformer Generation,Classical,,
Conformer Generation,Classical,,
Conformer Generation,Classical,,
Conformer Generation,Classical,,
Conformer Generation,Classical,,
Conformer Generation,Classical,,
Conformer Generation,Classical,,
Conformer Generation,Classical,,
Conformer Generation,Classical,,
Conformer Generation,ML+AI,,
Conformer Generation,ML+AI,,
Conformer Generation,ML+AI,,
Conformer Generation,ML+AI,,
Conformer Generation,ML+AI,,
Conformer Generation,ML+AI,,
Conformer Generation,ML+AI,,
Conformer Generation,ML+AI,,
Conformer Generation,ML+AI,,
Conformer Generation,ML+AI,,
Conformer Generation,ML+AI,,
Conformer Generation,ML+AI,,
Conformer Generation,Reviews,,
Conformer Generation,Reviews,,
Conformer Generation,Reviews,,
Crystallography,Cryo-EM,,
Crystallography,Cryo-EM,,
Crystallography,Crystallography,,
Crystallography,Crystallography,,
Crystallography,Electron density quality,,
DSTA cycle management,DSTA cycle management,,
Data Management,Comp Chem Data Management,,
Data Management,Comp Chem Data Management,,
Databases,ADMET,,
Databases,Chemical,,
Databases,Chemical,,
Databases,Chemical,,
Databases,Chemical,,
Databases,Chemical,,
Databases,Chemical,,
Databases,Chemical,,
Databases,Chemical Reactions,,
Databases,Commercial Libraries,,
Databases,Commercial Libraries,,
Databases,Commercial Libraries,,
Databases,Commercial Libraries,,
Databases,Commercial Libraries,,
Databases,Commercial Libraries,,
Databases,Covalent,,
Databases,Docking and Scoring Function Benchmarks,,
Databases,Docking and Scoring Function Benchmarks,,
Databases,Docking and Scoring Function Benchmarks,,
Databases,Docking and Scoring Function Benchmarks,,
Databases,Docking and Scoring Function Benchmarks,,
Databases,Docking and Scoring Function Benchmarks,,
Databases,Docking and Scoring Function Benchmarks,,
Databases,Docking and Scoring Function Benchmarks,,
Databases,Docking and Scoring Function Benchmarks,,
Databases,Docking and Scoring Function Benchmarks,,
Databases,Docking and Scoring Function Benchmarks,,
Databases,Drug-target affinity,,
Databases,Drugs,,
Databases,GPCRs,,
Databases,GPCRs,,
Databases,Kinases,,
Databases,Kinases,,
Databases,Kinases,,
Databases,Kinases,,
Databases,Kinases,,
Databases,Kinases,,
Databases,Kinases,,
Databases,Kinases,,
Databases,Kinases,,
Databases,Kinases,,
Databases,MD,,
Databases,ML-docking training,,
Databases,Machine Learning Benchmarks,,
Databases,Make on Demand Libraries,,
Databases,Make on Demand Libraries,,
Databases,Molecular Dynamics,,
Databases,Molecular Dynamics,,
Databases,Molecular Dynamics,,
Databases,Natural Products,,
Databases,Natural Products,,
Databases,Natural Products,,
Databases,Natural Products,,
Databases,Natural Products,,
Databases,Natural Products,,
Databases,Natural Products,,
Databases,Natural Products,,
Databases,Natural Products,,
Databases,Natural Products,,
Databases,Natural Products,,
Databases,Natural Products,,
Databases,Natural Products,,
Databases,Natural Products,,
Databases,Natural Products,,
Databases,PROTACs,,
Databases,PROTACs,,
Databases,Properties,,
Databases,Property Prediction,,
Databases,Protein Sequences,,
Databases,Protein Structures,,
Databases,Protein Structures,,
Databases,Protein Targets,,
Databases,Protein-Ligand Interaction,,
Databases,Protein-Ligand Interaction,,
Databases,Protein-Ligand Interaction,,
Databases,Protein-Ligand Interaction,,
Databases,Protein-Ligand Interaction,,
Databases,Protein-Ligand Interaction,,
Databases,Protein-Ligand Interaction,,
Databases,Protein-Ligand Interaction,,
Databases,Protein-Ligand Interaction,,
Databases,Protein-Ligand Interaction,,
Databases,Protein-Ligand Interaction,,
Databases,Protein-Ligand Interaction,,
Databases,Quantum Chemistry,,
Databases,Quantum Chemistry,,
Databases,Toxicity,,
Databases,Toxicity,,
Databases,Toxicity,,hERG
Databases,Virtual Libraries,,
Dataset Mining,Chemical,,
Dataset Mining,Chemical,,
Dataset Mining,Chemical,,
Dataset Mining,Chemical,,
Dataset Mining,Chemical,,
Dataset Mining,Chemical,Protein-ligand interaction,
Dataset Mining,Protein Structures,PDB,
De Novo Generation,Benchmarking,,
De Novo Generation,Benchmarking,Expert Feedback,
De Novo Generation,Benchmarking,Expert Feedback,
De Novo Generation,Benchmarking,Expert Feedback,
De Novo Generation,Bioisostere,,
De Novo Generation,De Novo Generation,,
De Novo Generation,De Novo Generation,,
De Novo Generation,De Novo Generation,,
De Novo Generation,De Novo Generation,,
De Novo Generation,De Novo Generation,,
De Novo Generation,De Novo Generation,,
De Novo Generation,De Novo Generation,,
De Novo Generation,De Novo Generation,,
De Novo Generation,De Novo Generation,,
De Novo Generation,De Novo Generation,,
De Novo Generation,De Novo Generation,,
De Novo Generation,De Novo Generation,,
De Novo Generation,De Novo Generation,,
De Novo Generation,De Novo Generation,,
De Novo Generation,De Novo Generation,,
De Novo Generation,De Novo Generation,,
De Novo Generation,De Novo Generation,,
De Novo Generation,De Novo Generation,,
De Novo Generation,De Novo Generation,,
De Novo Generation,De Novo Generation,,
De Novo Generation,De Novo Generation,,
De Novo Generation,De Novo Generation,,
De Novo Generation,De Novo Generation,,
De Novo Generation,De Novo Generation,,
De Novo Generation,De Novo Generation,,
De Novo Generation,De Novo Generation,,
De Novo Generation,De Novo Generation,,
De Novo Generation,De Novo Generation,,
De Novo Generation,De Novo Generation,,
De Novo Generation,De Novo Generation,,
De Novo Generation,De Novo Generation,,
De Novo Generation,De Novo Generation,,
De Novo Generation,De Novo Generation,,
De Novo Generation,De Novo Generation,,
De Novo Generation,De Novo Generation,,
De Novo Generation,De Novo Generation,,
De Novo Generation,De Novo Generation,,
De Novo Generation,De Novo Generation,,
De Novo Generation,De Novo Generation,,
De Novo Generation,De Novo Generation,,
De Novo Generation,De Novo Generation,,
De Novo Generation,De Novo Generation,,
De Novo Generation,De Novo Generation,,
De Novo Generation,De Novo Generation,,
De Novo Generation,De Novo Generation,,
De Novo Generation,De Novo Generation,,
De Novo Generation,De Novo Generation,,
De Novo Generation,De Novo Generation,,
De Novo Generation,De Novo Generation,,
De Novo Generation,De Novo Generation,,
De Novo Generation,De Novo Generation,,
De Novo Generation,De Novo Generation,,
De Novo Generation,De Novo Generation,,
De Novo Generation,De Novo Generation,,
De Novo Generation,De Novo Generation,,
De Novo Generation,De Novo Generation,,
De Novo Generation,De Novo Generation,,
De Novo Generation,De Novo Generation,,
De Novo Generation,De Novo Generation,,
De Novo Generation,De Novo Generation,,
De Novo Generation,De Novo Generation,,
De Novo Generation,De Novo Generation,3D,
De Novo Generation,De Novo Generation,3D,
De Novo Generation,De Novo Generation,3D,
De Novo Generation,De Novo Generation,Binding Affinity,
De Novo Generation,De Novo Generation,Chemical-space specific,
De Novo Generation,De Novo Generation,Diffusion,
De Novo Generation,De Novo Generation,LLM,
De Novo Generation,De Novo Generation,Multiobjective,
De Novo Generation,De Novo Generation,Multiobjective,
De Novo Generation,De Novo Generation,Multiobjective,
De Novo Generation,De Novo Generation,Polypharmacology,
De Novo Generation,De Novo Generation,Scaffold Hopping,
De Novo Generation,Linker Generation,,
De Novo Generation,Linker Generation,,
De Novo Generation,Linker Generation,,
De Novo Generation,Linker Generation,,
De Novo Generation,Linker Generation,,
De Novo Generation,Molecular Optimisation,Bioisosteres,Database Mining Approach
De Novo Generation,Molecular Optimisation,Bioisosteres,Machine-Learning
De Novo Generation,Molecular Optimisation,Bioisosteres,Machine-Learning
De Novo Generation,Protein Pocket Generation,Models,
De Novo Generation,Reviews,,
De Novo Generation,Reviews,,
De Novo Generation,Reviews,,
De Novo Generation,Reviews,,
De Novo Generation,Reviews,,
De Novo Generation,Reviews,,
De Novo Generation,Reviews,,
De Novo Generation,Reviews,,
De Novo Generation,Reviews,,
De Novo Generation,Reviews,,
De Novo Generation,Reviews,,
De Novo Generation,Reviews,,
De Novo Generation,Reviews,,
De Novo Generation,Reviews,,
De Novo Generation,Reviews,,
De Novo Generation,Reviews,,
De Novo Generation,Reviews,,
De Novo Generation,Reviews,,
De Novo Generation,Reviews,,
De Novo Generation,Reviews,,
De Novo Generation,Reviews,,
De Novo Generation,Reviews,,
De Novo Generation,Target Aware De Novo Generation,,
De Novo Generation,Target Aware De Novo Generation,,
De Novo Generation,Target Aware De Novo Generation,,
De Novo Generation,Target Aware De Novo Generation,,
De Novo Generation,Target Aware De Novo Generation,,
De Novo Generation,Target Aware De Novo Generation,,
De Novo Generation,Target Aware De Novo Generation,,
De Novo Generation,Target Aware De Novo Generation,,
De Novo Generation,Target Aware De Novo Generation,,
De Novo Generation,Target Aware De Novo Generation,,
De Novo Generation,Target Aware De Novo Generation,,
De Novo Generation,Target Aware De Novo Generation,,
De Novo Generation,Target Aware De Novo Generation,,
De Novo Generation,Target Aware De Novo Generation,,
De Novo Generation,Target Aware De Novo Generation,,
De Novo Generation,Target Aware De Novo Generation,,
De Novo Generation,Target Aware De Novo Generation,,
De Novo Generation,Target Aware De Novo Generation,,
De Novo Generation,Target Aware De Novo Generation,,
De Novo Generation,Target Aware De Novo Generation,Active-learning,
De Novo Generation,Target Aware De Novo Generation,Benchmarks,
De Novo Generation,Target Aware De Novo Generation,Benchmarks,
De Novo Generation,Target Aware De Novo Generation,Benchmarks,
De Novo Generation,Target Aware De Novo Generation,Benchmarks,
De Novo Generation,Target Aware De Novo Generation,Diffusion,
De Novo Generation,Target Aware De Novo Generation,Diffusion,
De Novo Generation,Target Aware De Novo Generation,Diffusion,
De Novo Generation,Target Aware De Novo Generation,Diffusion,
De Novo Generation,Target Aware De Novo Generation,Diffusion,
De Novo Generation,Target Aware De Novo Generation,Docking-based,
De Novo Generation,Target Aware De Novo Generation,Docking-based,
De Novo Generation,Target Aware De Novo Generation,Docking-based,
De Novo Generation,Target Aware De Novo Generation,Docking-based,
De Novo Generation,Target Aware De Novo Generation,Docking-based,
De Novo Generation,Target Aware De Novo Generation,Docking-based,
De Novo Generation,Target Aware De Novo Generation,Docking-based,
De Novo Generation,Target Aware De Novo Generation,Docking-based,
De Novo Generation,Target Aware De Novo Generation,Docking-based,
De Novo Generation,Target Aware De Novo Generation,Docking-based,
De Novo Generation,Target Aware De Novo Generation,Docking-based,
De Novo Generation,Target Aware De Novo Generation,Docking-based,
De Novo Generation,Target Aware De Novo Generation,Docking-based,
De Novo Generation,Target Aware De Novo Generation,Docking-based,
De Novo Generation,Target Aware De Novo Generation,Docking-based,
De Novo Generation,Target Aware De Novo Generation,Docking-based,
De Novo Generation,Target Aware De Novo Generation,Dual-target,
De Novo Generation,Target Aware De Novo Generation,Fragment-based,
De Novo Generation,Target Aware De Novo Generation,Interaction fingerprint constrained,
De Novo Generation,Target Aware De Novo Generation,Language Model,
De Novo Generation,Target Aware De Novo Generation,PROTACs,
De Novo Generation,Target Aware De Novo Generation,Pharmacophore,
De Novo Generation,Target Aware De Novo Generation,Physics-based generation,
De Novo Generation,Target Aware De Novo Generation,Protein-ligand interactions,
De Novo Generation,Target Aware De Novo Generation,Protein-ligand interactions,
De Novo Generation,Target Aware De Novo Generation,Protein-ligand interactions,
De Novo Generation,Target Aware De Novo Generation,Protein-ligand interactions,
De Novo Generation,Target Aware De Novo Generation,RAG,
De Novo Generation,Target Aware De Novo Generation,Reviews,
De Novo Generation,Target Aware De Novo Generation,Reviews,
De Novo Generation,Target Aware De Novo Generation,Reviews,
De Novo Generation,Target Aware De Novo Generation,Reviews,
De Novo Generation,Target Aware De Novo Generation,Scaffold Hopping,
De Novo Generation,Target Aware De Novo Generation,Scaffold Hopping,
De Novo Generation,Target Aware De Novo Generation,Scaffold Hopping,
De Novo Generation,Target Aware De Novo Generation,Sequence-based,
De Novo Generation,Tools,Expert Feedback,
Decoy Generation,Decoy Generation,,
Decoy Generation,Decoy Generation,,
FBDD,FBDD,,
FBDD,FBDD,,
FBDD,FBDD,,
FBDD,FBDD,,
FBDD,FBDD,,
FBDD,FBDD,,
FBDD,FBDD,,
FBDD,FBDD,,
FBDD,FBDD,,
FBDD,FBDD,,
FBDD,FBDD,,
FBDD,FBDD,,
FBDD,FBDD,,
FBDD,Fragment Growing,,
FBDD,Fragment library generation,,
FBDD,Linker Design,,
FBDD,Linker Design,,
FBDD,Toolkits,,
General Tools,Chemical Format Translation,,
General Tools,Chemical Format Translation,,
General Tools,Chemical Format Translation,,
General Tools,Chemical Format Translation,,
General Tools,Chemical Format Translation,,
General Tools,Cheminformatics,,
General Tools,Cheminformatics,,
General Tools,Cheminformatics,Chemical Formulas,
General Tools,Cheminformatics,Coordinates,
General Tools,Cheminformatics,Java,
General Tools,Cheminformatics,Java,
General Tools,Cheminformatics,NMR,
General Tools,Cheminformatics,Other,
General Tools,Cheminformatics,Other,
General Tools,Cheminformatics,Other,
General Tools,Cheminformatics,PDB,
General Tools,Cheminformatics,Python,
General Tools,Cheminformatics,Python,
General Tools,Cheminformatics,Python,
General Tools,Cheminformatics,Python,
General Tools,Cheminformatics,Python,
General Tools,Cheminformatics,Python,
General Tools,Cheminformatics,Python,
General Tools,Cheminformatics,Python,
General Tools,Cheminformatics,QM,
General Tools,Cheminformatics,QM,
General Tools,Cheminformatics,Reaction Tools,
General Tools,Cheminformatics,Standalone,
General Tools,Cheminformatics,Workflow Managers,
General Tools,Fingerprints,,
General Tools,Fingerprints,Protein-ligand interaction fingerprints,
General Tools,Pricing,,
General Tools,Python Libraries,,
General Tools,Python Libraries,,
General Tools,Python Libraries,,
General Tools,Python Libraries,,
General Tools,Python Libraries,,
General Tools,Python Libraries,,
General Tools,Python Libraries,,
General Tools,Python Libraries,,
General Tools,Python Libraries,,
General Tools,Python Libraries,,
General Tools,Python Libraries,,
General Tools,Reviews,,
HTS Analysis,HTS Analysis,,
Ligand-based Virtual Screening,2D,,
Ligand-based Virtual Screening,2D,,
Ligand-based Virtual Screening,2D,,
Ligand-based Virtual Screening,2D,,
Ligand-based Virtual Screening,2D,,
Ligand-based Virtual Screening,2D,,
Ligand-based Virtual Screening,2D,,
Ligand-based Virtual Screening,2D,,
Ligand-based Virtual Screening,2D,,
Ligand-based Virtual Screening,2D,,
Ligand-based Virtual Screening,2D,,
Ligand-based Virtual Screening,3D,,
Ligand-based Virtual Screening,3D,,
Ligand-based Virtual Screening,3D,,
Ligand-based Virtual Screening,3D,,
Ligand-based Virtual Screening,3D,,
Ligand-based Virtual Screening,Color Similarity,,
Ligand-based Virtual Screening,Drug-target interaction screening,,
Ligand-based Virtual Screening,Drug-target interaction screening,,
Ligand-based Virtual Screening,Drug-target interaction screening,,
Ligand-based Virtual Screening,Drug-target interaction screening,,
Ligand-based Virtual Screening,GPU,,
Ligand-based Virtual Screening,Hybrid,,
Ligand-based Virtual Screening,Precomputed Libraries,,
Ligand-based Virtual Screening,Shape Similarity,,
Ligand-based Virtual Screening,Similarity calculations,,
Ligand-based Virtual Screening,Similarity calculations,,
Ligand-based Virtual Screening,Similarity calculations,,
ML+AI,Active Learning,,
ML+AI,Active Learning,,
ML+AI,Active Learning,,
ML+AI,Active Learning,,
ML+AI,Active Learning,,
ML+AI,Active Learning,,
ML+AI,Active Learning,,
ML+AI,Active Learning,,
ML+AI,Active Learning,,
ML+AI,Active Learning,,
ML+AI,Active Learning,,
ML+AI,Active Learning,Reviews,
ML+AI,Automatic Model Selection,,
ML+AI,Automatic Model Selection,,
ML+AI,Automatic Model Selection,,
ML+AI,Automatic Model Selection,,
ML+AI,Automatic Model Selection,,
ML+AI,Automatic Model Selection,,
ML+AI,Courses,,
ML+AI,Courses,,
ML+AI,Courses,,
ML+AI,Courses,,
ML+AI,Courses,,
ML+AI,Courses,,
ML+AI,Courses,,
ML+AI,Courses,,
ML+AI,Courses,,
ML+AI,Courses,,
ML+AI,Few shot learning,,
ML+AI,Few shot learning,,
ML+AI,Few shot learning,,
ML+AI,Few shot learning,,
ML+AI,Few shot learning,,
ML+AI,Few shot learning,,
ML+AI,Few shot learning,,
ML+AI,Few shot learning,,
ML+AI,Few shot learning,,
ML+AI,Few shot learning,LLM,
ML+AI,Foundational Models,,
ML+AI,Foundational Models,Chemical Language Model,
ML+AI,Important Papers,,
ML+AI,Important Papers,,
ML+AI,Important Papers,,
ML+AI,Important Papers,,
ML+AI,Important Papers,,
ML+AI,Important Papers,,
ML+AI,Important Papers,,
ML+AI,Important Papers,,
ML+AI,Important Papers,,
ML+AI,Important Papers,,
ML+AI,Important Papers,,
ML+AI,Important Papers,,
ML+AI,Important Papers,,
ML+AI,Important Papers,,
ML+AI,Important Papers,,
ML+AI,Important Papers,,
ML+AI,Important Papers,,
ML+AI,Important Papers,,
ML+AI,Important Papers,,
ML+AI,Important Papers,,
ML+AI,Important Papers,,
ML+AI,Important Papers,,
ML+AI,Important Papers,,
ML+AI,Important Papers,,
ML+AI,Important Papers,,
ML+AI,Interactive Modelling,,
ML+AI,ML Models,,
ML+AI,ML Models,NN,PGN
ML+AI,ML+AI frameworks for chemistry,,
ML+AI,ML+AI frameworks for chemistry,,
ML+AI,ML+AI frameworks for chemistry,,
ML+AI,ML+AI frameworks for chemistry,,
ML+AI,ML+AI frameworks for chemistry,,
ML+AI,ML+AI frameworks for chemistry,,
ML+AI,ML+AI frameworks for chemistry,,
ML+AI,ML+AI frameworks for chemistry,,
ML+AI,ML+AI frameworks for chemistry,,
ML+AI,ML+AI frameworks for chemistry,,
ML+AI,ML+AI frameworks for chemistry,,
ML+AI,ML+AI frameworks for chemistry,,
ML+AI,ML+AI frameworks for chemistry,,
ML+AI,ML+AI frameworks for chemistry,,
ML+AI,ML+AI frameworks for chemistry,,
ML+AI,ML+AI frameworks for chemistry,,
ML+AI,ML+AI frameworks for chemistry,,
ML+AI,ML+AI frameworks for chemistry,,
ML+AI,ML+AI frameworks for chemistry,,
ML+AI,ML+AI frameworks for chemistry,,
ML+AI,ML+AI frameworks for chemistry,,
ML+AI,Other,,
ML+AI,Reviews,,
ML+AI,Reviews,,
ML+AI,Reviews,,
ML+AI,Reviews,,
ML+AI,Reviews,,
ML+AI,Reviews,,
Molecular Dynamics,Automated Workflows,,
Molecular Dynamics,Automated Workflows,,
Molecular Dynamics,Automated Workflows,,
Molecular Dynamics,Automated Workflows,Ligand Stability,
Molecular Dynamics,Coarse-Grained,,
Molecular Dynamics,Coarse-Grained,,
Molecular Dynamics,Coarse-Grained,,
Molecular Dynamics,Coarse-Grained,,
Molecular Dynamics,Coarse-Grained,Force Fields,
Molecular Dynamics,Databases,,
Molecular Dynamics,Forcefields,Machine-Learning Forcefields,
Molecular Dynamics,Free Energy Calculations,,
Molecular Dynamics,Free Energy Calculations,,
Molecular Dynamics,Free Energy Calculations,Accelerated,
Molecular Dynamics,Free Energy Calculations,Benchmarks,
Molecular Dynamics,Free Energy Calculations,Benchmarks,
Molecular Dynamics,Free Energy Calculations,Classical,
Molecular Dynamics,Free Energy Calculations,Classical,
Molecular Dynamics,Free Energy Calculations,Classical,
Molecular Dynamics,Free Energy Calculations,Classical,
Molecular Dynamics,Free Energy Calculations,Classical,
Molecular Dynamics,Free Energy Calculations,Classical,
Molecular Dynamics,Free Energy Calculations,Classical,
Molecular Dynamics,Free Energy Calculations,Guides,
Molecular Dynamics,Free Energy Calculations,ML-enabled,
Molecular Dynamics,Free Energy Calculations,Planning,
Molecular Dynamics,Free Energy Calculations,Thermodynamics Ensemble,
Molecular Dynamics,Free Energy Calculations,Tools,
Molecular Dynamics,Generation of biomolecular environment,,
Molecular Dynamics,Implicit Solvation,ML,
Molecular Dynamics,Libraries,,
Molecular Dynamics,Libraries,,
Molecular Dynamics,Libraries,,
Molecular Dynamics,Libraries,Analysis,
Molecular Dynamics,Libraries,Analysis,
Molecular Dynamics,Libraries,Preparation,
Molecular Dynamics,Libraries,Refinement,
Molecular Dynamics,Ligand topology generation,,
Molecular Dynamics,ML Potentials,,
Molecular Dynamics,MMGBSA + MMPBSA,,
Molecular Dynamics,MMGBSA + MMPBSA,,
Molecular Dynamics,MMGBSA + MMPBSA,,
Molecular Dynamics,MMGBSA + MMPBSA,,
Molecular Dynamics,MMGBSA + MMPBSA,,
Molecular Dynamics,MMGBSA + MMPBSA,Classical,
Molecular Dynamics,MMGBSA + MMPBSA,Classical,
Molecular Dynamics,Metadynamics,Analysis Tools,
Molecular Dynamics,Molecular Dynamics Engines,,
Molecular Dynamics,Molecular Dynamics Engines,,
Molecular Dynamics,Molecular Dynamics Engines,,
Molecular Dynamics,Molecular Dynamics Engines,,
Molecular Dynamics,Molecular Dynamics Engines,,
Molecular Dynamics,Molecular Dynamics Engines,,
Molecular Dynamics,Molecular Dynamics Engines,,
Molecular Dynamics,Molecular Dynamics Engines,,
Molecular Dynamics,Molecular Dynamics Engines,,
Molecular Dynamics,Molecular Dynamics Engines,,
Molecular Dynamics,Molecular Dynamics Engines,,
Molecular Dynamics,Molecular Dynamics Engines,,
Molecular Dynamics,Molecular Dynamics Engines,,
Molecular Dynamics,Molecular Dynamics Engines,,
Molecular Dynamics,Molecular Dynamics Engines,,
Molecular Dynamics,Molecular Dynamics Engines,,
Molecular Dynamics,Molecular Dynamics Engines,,
Molecular Dynamics,Molecular Dynamics Engines,,
Molecular Dynamics,Molecular Dynamics Engines,,
Molecular Dynamics,Molecular Dynamics Engines,,
Molecular Dynamics,Molecular Dynamics Engines,Interoperable,
Molecular Dynamics,Molecular Dynamics Engines,ML-enabled,
Molecular Dynamics,Molecular Dynamics Engines,ML-enabled,
Molecular Dynamics,Molecular Dynamics Engines,ML-enabled,
Molecular Dynamics,Molecular Dynamics Engines,ML-enabled,
Molecular Dynamics,Molecular Dynamics Engines,ML-enabled,
Molecular Dynamics,Molecular Dynamics Engines,Water,
Molecular Dynamics,Residence Time,,
Molecular Dynamics,Tutorials,,
Molecule Representations,Binary,,
Molecule Representations,Descriptors,,
Molecule Representations,Descriptors,,
Molecule Representations,Descriptors,,
Molecule Representations,Descriptors,,
Molecule Representations,Descriptors,,
Molecule Representations,Descriptors,,
Molecule Representations,Descriptors,,
Molecule Representations,Descriptors,,
Molecule Representations,Descriptors,,
Molecule Representations,Descriptors,,
Molecule Representations,Descriptors,,
Molecule Representations,Descriptors,,
Molecule Representations,Descriptors,,
Molecule Representations,Descriptors,,
Molecule Representations,Descriptors,,
Molecule Representations,Descriptors,3D,
Molecule Representations,Descriptors,Drug-Likeness,
Molecule Representations,Descriptors,Drug-Likeness,
Molecule Representations,Descriptors,Fragment-Based Descriptors,
Molecule Representations,Descriptors,From MD Simulations,
Molecule Representations,Descriptors,Functional Groups,
Molecule Representations,Descriptors,QM,
Molecule Representations,Descriptors,Synthetic Accessibility,
Molecule Representations,Descriptors,Synthetic Accessibility,
Molecule Representations,Descriptors,Synthetic Accessibility,
Molecule Representations,Descriptors,Synthetic Accessibility,
Molecule Representations,Descriptors,Synthetic Accessibility,
Molecule Representations,Fingerprints,,
Molecule Representations,Fingerprints,,
Molecule Representations,Fingerprints,,
Molecule Representations,Fingerprints,,
Molecule Representations,Fingerprints,,
Molecule Representations,Fingerprints,,
Molecule Representations,Fingerprints,,
Molecule Representations,Fingerprints,,
Molecule Representations,Fingerprints,,
Molecule Representations,Fingerprints,,
Molecule Representations,Fingerprints,,
Molecule Representations,Fingerprints,3D,
Molecule Representations,Fingerprints,Protein-ligand interaction fingerprints,
Molecule Representations,Fingerprints,Protein-ligand interaction fingerprints,
Molecule Representations,Fingerprints,Protein-ligand interaction fingerprints,
Molecule Representations,Fingerprints,Protein-ligand interaction fingerprints,
Molecule Representations,Fingerprints,Protein-ligand interaction fingerprints,
Molecule Representations,Fingerprints,Protein-ligand interaction fingerprints,
Molecule Representations,Fingerprints,Protein-ligand interaction fingerprints,
Molecule Representations,Hybrid,String-Graph Hybrid,
Molecule Representations,ML+AI,General,
Molecule Representations,ML+AI,General,
Molecule Representations,ML+AI,Transformer,SELFIES
Molecule Representations,ML+AI,Transformer,SMILES
Molecule Representations,Other Representations,,
Molecule Representations,Other Representations,,
Molecule Representations,Other Representations,,
Molecule Representations,Strings,Other Representations,
Molecule Representations,Strings,SMARTS-related,
Molecule Representations,Strings,SMARTS-related,
Molecule Representations,Strings,SMILES-related,
Molecule Representations,Strings,SMILES-related,
Molecule Representations,Strings,SMILES-related,
Molecule Representations,Strings,SMILES-related,
Molecule Representations,Vector,,
Molecule Representations,Wrappers for several representations,,
Molecule Representations,Wrappers for several representations,,
Optical Structure Recognition,Optical Structure Recognition,,
Optical Structure Recognition,Optical Structure Recognition,,
Optical Structure Recognition,Optical Structure Recognition,,
Optical Structure Recognition,Optical Structure Recognition,,
Optical Structure Recognition,Optical Structure Recognition,,
Optical Structure Recognition,Optical Structure Recognition,,
Optical Structure Recognition,Optical Structure Recognition,,
Optical Structure Recognition,Optical Structure Recognition,,
Other,Other,,
Other,Other,,
Other,Other,,
Other,Other,,
Other,Other,,
Other,Other,,
Other,Other,,
Other,Other,Nomenclature,
Pharmacophore,Pharmacophore,,
Pharmacophore,Pharmacophore,De Novo Generation,
Pharmacophore,Pharmacophore,From Apo Protein,
Pharmacophore,Pharmacophore,From Apo Protein,
Pharmacophore,Pharmacophore,From MD Simulations,
Pharmacophore,Pharmacophore,From MD Simulations,
Pharmacophore,Pharmacophore,From MD Simulations,
Pharmacophore,Pharmacophore,Python,
Pharmacophore,Pharmacophore,Python,
Pharmacophore,Pharmacophore,Python,
Pharmacophore,Pharmacophore,Python,
Pharmacophore,Pharmacophore,Python,
Pharmacophore,Pharmacophore,Python,
Pharmacophore,Pharmacophore,Python,
Pharmacophore,Pharmacophore,Python,
Pharmacophore,Pharmacophore,Python,
Pharmacophore,Pharmacophore,Python,
Pharmacophore,Pharmacophore,Python,
Pharmacophore,Pharmacophore,Python,
Pharmacophore,Pharmacophore,Python,
Pharmacophore,Pharmacophore,Python,
Pharmacophore,Pharmacophore,Screening,
Pharmacophore,Pharmacophore,Web-Servers,
Plugins,Chimera,,
Plugins,Chimera,,
Plugins,PyMol,,
Plugins,PyMol,,
Plugins,PyMol,,
Plugins,PyMol,,
Plugins,PyMol,,
Plugins,PyMol,AI,
Plugins,PyMol,Docking,
Property Prediction,Benchmarking,,
Property Prediction,Guides,,
Property Prediction,ML+AI,,
Property Prediction,ML+AI,,
Property Prediction,ML+AI,,
Property Prediction,ML+AI,AI-Augmented R-Group Exploration,
Property Prediction,ML+AI,Activity Cliffs,
Property Prediction,ML+AI,CNN,
Property Prediction,ML+AI,Complete Package,
Property Prediction,ML+AI,Complete Package,
Property Prediction,ML+AI,Complete Package,
Property Prediction,ML+AI,DNN,
Property Prediction,ML+AI,Ensemble,
Property Prediction,ML+AI,Few-Shot,
Property Prediction,ML+AI,Few-Shot,
Property Prediction,ML+AI,Few-Shot,
Property Prediction,ML+AI,Few-Shot,
Property Prediction,ML+AI,Few-Shot,
Property Prediction,ML+AI,Few-Shot,
Property Prediction,ML+AI,Few-Shot,
Property Prediction,ML+AI,Few-Shot,
Property Prediction,ML+AI,Few-Shot,
Property Prediction,ML+AI,GAT,
Property Prediction,ML+AI,GNN,
Property Prediction,ML+AI,GNN,
Property Prediction,ML+AI,GNN,
Property Prediction,ML+AI,GNN,
Property Prediction,ML+AI,GNN,
Property Prediction,ML+AI,GNN,
Property Prediction,ML+AI,GNN,
Property Prediction,ML+AI,Graph-Fusion,
Property Prediction,ML+AI,Hybrid,
Property Prediction,ML+AI,LLM,
Property Prediction,ML+AI,LLM,
Property Prediction,ML+AI,LLM,
Property Prediction,ML+AI,MPGNN,
Property Prediction,ML+AI,Other NN,
Property Prediction,ML+AI,Other NN,
Property Prediction,ML+AI,Pretrained Models,
Property Prediction,ML+AI,Reviews,
Property Prediction,ML+AI,Several architectures,
Property Prediction,ML+AI,Transfer Learning,
Property Prediction,ML+AI,Transformer,
Property Prediction,ML+AI,Transformer,
Property Prediction,ML+AI,Transformer,
Property Prediction,ML+AI,Transformer,
Property Prediction,ML+AI,Transformer,
Property Prediction,ML+AI,Transformer,
Property Prediction,Pre-trained Models,,
Property Prediction,Pre-trained Models,Charges,
Property Prediction,Pre-trained Models,logP,
Property Prediction,Pretrained Models,ADMET,
Property Prediction,Pretrained Models,ADMET,BBB
Property Prediction,Pretrained Models,ADMET,CYP450
Property Prediction,Pretrained Models,ADMET,CYP450
Property Prediction,Pretrained Models,ADMET,General
Property Prediction,Pretrained Models,ADMET,General
Property Prediction,Pretrained Models,ADMET,General
Property Prediction,Pretrained Models,ADMET,General
Property Prediction,Pretrained Models,ADMET,General
Property Prediction,Pretrained Models,ADMET,General
Property Prediction,Pretrained Models,ADMET,General
Property Prediction,Pretrained Models,ADMET,Metabolites
Property Prediction,Pretrained Models,ADMET,PK
Property Prediction,Pretrained Models,ADMET,Toxicity
Property Prediction,Pretrained Models,ADMET,Toxicity
Property Prediction,Pretrained Models,ADMET,hERG
Property Prediction,Pretrained Models,ADMET,hERG
Property Prediction,Pretrained Models,ADMET,hERG
Property Prediction,Pretrained Models,logP,
Property Prediction,Pretrained Models,logP,
Property Prediction,QSAR|QSPR,Model Building And Training,
Property Prediction,QSAR|QSPR,Model Building And Training,
Property Prediction,QSAR|QSPR,Model Building And Training,
Property Prediction,QSAR|QSPR,Model Building And Training,
Property Prediction,QSAR|QSPR,Model Building And Training,
Property Prediction,QSAR|QSPR,Model Building And Training,
Property Prediction,QSAR|QSPR,Model Building And Training,
Property Prediction,QSAR|QSPR,Model Building And Training,
Property Prediction,QSAR|QSPR,Model Building And Training,
Property Prediction,QSAR|QSPR,Model Building And Training,
Property Prediction,QSAR|QSPR,Model Building And Training,
Property Prediction,QSAR|QSPR,Model Building And Training,
Property Prediction,QSAR|QSPR,Model Building And Training,
Property Prediction,QSAR|QSPR,Model Building And Training,3D
Property Prediction,QSAR|QSPR,Model Building And Training,Hyperparameter Optimization
Property Prediction,QSAR|QSPR,Model Building And Training,RF
Property Prediction,QSAR|QSPR,QSAR data completion,
Property Prediction,QSAR|QSPR,Representation Optimization,
Property Prediction,QSAR|QSPR,Visualisation,
Property Prediction,Representation Learning,,
Protein Structure,Allosteric Interactions,WebServers,
Protein Structure,Binding Site Alignement,,
Protein Structure,Binding Site Prediction,,
Protein Structure,Binding Site Prediction,,
Protein Structure,Binding Site Prediction,,
Protein Structure,Binding Site Prediction,,
Protein Structure,Binding Site Prediction,,
Protein Structure,Binding Site Prediction,,
Protein Structure,Binding Site Prediction,,
Protein Structure,Binding Site Prediction,,
Protein Structure,Binding Site Prediction,,
Protein Structure,Binding Site Prediction,,
Protein Structure,Binding Site Prediction,,
Protein Structure,Binding Site Prediction,,
Protein Structure,Binding Site Prediction,,
Protein Structure,Binding Site Prediction,,
Protein Structure,Binding Site Prediction,,
Protein Structure,Binding Site Prediction,,
Protein Structure,Binding Site Prediction,,
Protein Structure,Binding Site Prediction,,
Protein Structure,Binding Site Prediction,,
Protein Structure,Binding Site Prediction,,
Protein Structure,Binding Site Prediction,,
Protein Structure,Binding Site Prediction,,
Protein Structure,Binding Site Prediction,,
Protein Structure,Binding Site Prediction,,
Protein Structure,Binding Site Prediction,,
Protein Structure,Binding Site Prediction,,
Protein Structure,Binding Site Prediction,,
Protein Structure,Binding Site Prediction,,
Protein Structure,Binding Site Prediction,,
Protein Structure,Binding Site Prediction,,
Protein Structure,Binding Site Prediction,,
Protein Structure,Binding Site Prediction,,
Protein Structure,Binding Site Prediction,,
Protein Structure,Binding Site Prediction,,
Protein Structure,Binding Site Prediction,,
Protein Structure,Binding Site Prediction,,
Protein Structure,Binding Site Prediction,,
Protein Structure,Binding Site Prediction,,
Protein Structure,Binding Site Prediction,,
Protein Structure,Binding Site Prediction,,
Protein Structure,Binding Site Prediction,,
Protein Structure,Binding Site Prediction,,
Protein Structure,Binding Site Prediction,,
Protein Structure,Binding Site Prediction,,
Protein Structure,Binding Site Prediction,,
Protein Structure,Binding Site Prediction,,
Protein Structure,Binding Site Prediction,Allosteric Site Prediction,
Protein Structure,Binding Site Prediction,Allosteric Site Prediction,
Protein Structure,Binding Site Prediction,Allosteric Site Prediction,
Protein Structure,Binding Site Prediction,Allosteric Site Prediction,
Protein Structure,Binding Site Prediction,Allosteric Site Prediction,
Protein Structure,Binding Site Prediction,Allosteric Site Prediction,
Protein Structure,Binding Site Prediction,Allosteric Site Prediction,
Protein Structure,Binding Site Prediction,Allosteric Site Prediction,
Protein Structure,Binding Site Prediction,Cryptic Pockets,
Protein Structure,Binding Site Prediction,Cryptic Pockets,Benchmark
Protein Structure,Binding Site Prediction,Fragment Site Prediction,
Protein Structure,Binding Site Prediction,From Molecular Dynamics simulations,
Protein Structure,Binding Site Prediction,From Molecular Dynamics simulations,
Protein Structure,Binding Site Prediction,From Molecular Dynamics simulations,
Protein Structure,Binding Site Prediction,From Molecular Dynamics simulations,
Protein Structure,Binding Site Prediction,Growth Site Prediction,
Protein Structure,Binding Site Prediction,Metal-binding site,
Protein Structure,Binding Site Prediction,Multi-ligand binding residues,
Protein Structure,Binding Site Prediction,Reviews,
Protein Structure,Binding Site Similarity,,
Protein Structure,Binding Site Similarity,,
Protein Structure,Binding Site Similarity,,
Protein Structure,Conformational Ensemble Generation,Conformation Clustering,
Protein Structure,Conformational Ensemble Generation,From PDB,
Protein Structure,Conformational Ensemble Generation,MD,
Protein Structure,Conformational Ensemble Generation,MD,
Protein Structure,Conformational Ensemble Generation,ML,
Protein Structure,Conformational Ensemble Generation,ML,
Protein Structure,Conformational Ensemble Generation,ML,
Protein Structure,Conformational Ensemble Generation,ML,
Protein Structure,Conformational Ensemble Generation,ML,
Protein Structure,Conformational Ensemble Generation,ML,
Protein Structure,Conformational Ensemble Generation,ML,
Protein Structure,Conformational Ensemble Generation,ML,
Protein Structure,Conformational Ensemble Generation,ML,
Protein Structure,Conformational Ensemble Generation,ML,Disordered Proteins
Protein Structure,Conformational Ensemble Generation,Other,
Protein Structure,Conformational Ensemble Generation,Other,
Protein Structure,Conformational Ensemble Generation,Other,
Protein Structure,Conformational Ensemble Generation,Other,
Protein Structure,Conformational Ensemble Generation,Other,
Protein Structure,Conformational Ensemble Generation,Other,
Protein Structure,Databases,Data Mining,
Protein Structure,Databases,Data Mining,
Protein Structure,Databases,Databases,
Protein Structure,Databases,Databases,
Protein Structure,Databases,Databases,
Protein Structure,Databases,Databases,
Protein Structure,Homology Modelling,,
Protein Structure,Homology Modelling,,
Protein Structure,Homology Modelling,,
Protein Structure,Homology Modelling,,
Protein Structure,Loop Modelling,,
Protein Structure,Loop Modelling,Data Mining,
Protein Structure,ML Structure Prediction,General,
Protein Structure,ML Structure Prediction,General,
Protein Structure,ML Structure Prediction,General,
Protein Structure,ML Structure Prediction,General,
Protein Structure,ML Structure Prediction,General,
Protein Structure,ML Structure Prediction,General,
Protein Structure,ML Structure Prediction,General,
Protein Structure,ML Structure Prediction,General,
Protein Structure,ML Structure Prediction,General,
Protein Structure,ML Structure Prediction,General,
Protein Structure,ML Structure Prediction,General,
Protein Structure,ML Structure Prediction,General,
Protein Structure,ML Structure Prediction,General,
Protein Structure,ML Structure Prediction,General,
Protein Structure,ML Structure Prediction,General,
Protein Structure,ML Structure Prediction,Quaternary structure,
Protein Structure,ML Structure Prediction,Quaternary structure,
Protein Structure,ML Structure Prediction,Quaternary structure,
Protein Structure,ML Structure Prediction,Structure Prediction with Ligand,
Protein Structure,ML Structure Prediction,Structure Prediction with Ligand,
Protein Structure,ML Structure Prediction,Structure Prediction with Ligand,
Protein Structure,ML Structure Prediction,Structure Prediction with Ligand,
Protein Structure,ML Structure Prediction,Structure Prediction with Ligand,
Protein Structure,ML Structure Prediction,Structure Prediction with Ligand,
Protein Structure,ML Structure Prediction,Structure Prediction with Ligand,
Protein Structure,ML Structure Prediction,Trans-membrane Proteins,
Protein Structure,ML Structure Prediction,Trans-membrane Proteins,
Protein Structure,ML Structure Prediction,Trans-membrane Proteins,
Protein Structure,ML Structure Prediction,Trans-membrane Proteins,
Protein Structure,Other,Partial Charge Calculation,
Protein Structure,Other,Protein Representation,
Protein Structure,Protein-Protein Docking,,
Protein Structure,Protein-Protein Docking,,
Protein Structure,Protein-Protein Docking,,
Protein Structure,Protein-Protein Docking,,
Protein Structure,Protein-Protein Docking,,
Protein Structure,Protein-Protein Docking,,
Protein Structure,Protein-Protein Docking,,
Protein Structure,Protein-Protein Docking,,
Protein Structure,Protein-Protein Docking,,
Protein Structure,Protein-Protein Docking,,
Protein Structure,Protein-Protein Docking,,
Protein Structure,Protein-Protein Docking,,
Protein Structure,Protein-Protein Docking,,
Protein Structure,Protein-Protein Docking,,
Protein Structure,Protein-Protein Docking,,
Protein Structure,Protein-Protein Docking,,
Protein Structure,Protein-Protein Docking,,
Protein Structure,Protein-Protein Docking,,
Protein Structure,Protein-Protein Docking,,
Protein Structure,Protein-Protein Docking,,
Protein Structure,Protein-Protein Docking,,
Protein Structure,Protein-Protein Docking,,
Protein Structure,Protein-Protein Docking,,
Protein Structure,Protein-Protein Docking,,
Protein Structure,Protein-Protein Docking,,
Protein Structure,Protein-Protein Docking,,
Protein Structure,Protein-Protein Docking,,
Protein Structure,Protein-Protein Docking,,
Protein Structure,Protein-Protein Docking,,
Protein Structure,Protein-Protein Docking,,
Protein Structure,Protein-Protein Docking,,
Protein Structure,Protein-Protein Docking,,
Protein Structure,Protein-Protein Docking,,
Protein Structure,Protein-Protein Docking,,
Protein Structure,Protein-Protein Docking,,
Protein Structure,Protein-Protein Docking,,
Protein Structure,Protein-Protein Docking,,
Protein Structure,Protein-Protein Docking,,
Protein Structure,Protein-Protein Docking,,
Protein Structure,Protein-Protein Docking,,
Protein Structure,Protein-Protein Docking,,
Protein Structure,Protein-Protein Docking,,
Protein Structure,Protein-Protein Docking,,
Protein Structure,Protein-Protein Docking,,
Protein Structure,Protein-Protein Docking,,
Protein Structure,Protein-Protein Docking,,
Protein Structure,Protein-Protein Docking,,
Protein Structure,Protein-Protein Docking,,
Protein Structure,Protein-Protein Docking,,
Protein Structure,Protein-Protein Docking,,
Protein Structure,Protein-Protein Docking,,
Protein Structure,Protein-Protein Docking,,
Protein Structure,Protein-Protein Docking,,
Protein Structure,Protein-Protein Docking,,
Protein Structure,Protein-Protein Docking,Quality Assessment,
Protein Structure,Protein-Protein Interactions,,
Protein Structure,Protein-binding,,
Protein Structure,Protonation,,
Protein Structure,Protonation,,
Protein Structure,Protonation,,
Protein Structure,Protonation,,
Protein Structure,Protonation,,
Protein Structure,Protonation,,
Protein Structure,Protonation,,
Protein Structure,Quality,,
Protein Structure,Sequence Alignment,,
Protein Structure,Structure Manipulation Librairies,,
Protein Structure,Structure Manipulation Librairies,,
Protein Structure,Structure Manipulation Librairies,,
Protein Structure,Structure Quality Assessment,,
Protein Structure,Structure Quality Assessment,,
Protein Structure,Structure Quality Assessment,,
Protein Structure,Structure Refinement,,
Protein Structure,Structure Refinement,,
Protein Structure,Structure Refinement,,
Protein Structure,Structure Refinement,,
Protein Structure,Structure Refinement,,
Protein Structure,Structure Refinement,,
Protein Structure,Water Prediction,,
Protein Structure,Water Prediction,,
Protein Structure,Water Prediction,,
Protein Structure,Water Prediction,,
QM,General Tools,,
QM,General Tools,,
QM,General Tools,,
QM,Reaction Tools,,
QM,Reviews,,
Resources,Blogs,,
Resources,Blogs,,
Resources,Blogs,,
Resources,Blogs,,
Resources,Blogs,,
Resources,Blogs,,
Resources,Blogs,,
Resources,Blogs,,
Resources,Blogs,,
Resources,Blogs,,
Resources,Blogs,,
Resources,Blogs,,
Resources,Blogs,,
Resources,Blogs,,
Resources,Blogs,,
Resources,Blogs,,
Resources,Blogs,,
Resources,Blogs,,
Resources,Books,,
Resources,Books,,
Resources,Books,,
Resources,Courses,,
Resources,Courses,,
Resources,Courses,,
Resources,Courses,,
Resources,Courses,,
Resources,Courses,,
Resources,Courses,,
Resources,Courses,,
Resources,Courses,,
Resources,Courses,,
Resources,Courses,,
Resources,Courses,,
Resources,Courses,,
Resources,Courses,,
Resources,Courses,,
Resources,Courses,,
Resources,Courses,,
Resources,Courses,,
Resources,Courses,,
Resources,Courses,,
Resources,Courses,,
Resources,Other Resources,,
Resources,Other Resources,,
Resources,Other Resources,,
Resources,Other Resources,,
Resources,Other Resources,,
Resources,Other Resources,,
Resources,Other Resources,,
Resources,Other Resources,,
Resources,Other Resources,,
Resources,Other Resources,,
Resources,Reviews,,
Structure-based Virtual Screening,Docking,,
Structure-based Virtual Screening,Docking,All-Atom-DL methods,
Structure-based Virtual Screening,Docking,All-Atom-DL methods,
Structure-based Virtual Screening,Docking,All-Atom-DL methods,
Structure-based Virtual Screening,Docking,All-Atom-DL methods,
Structure-based Virtual Screening,Docking,All-Atom-DL methods,
Structure-based Virtual Screening,Docking,All-Atom-DL methods,
Structure-based Virtual Screening,Docking,All-Atom-DL methods,
Structure-based Virtual Screening,Docking,All-Atom-DL methods,
Structure-based Virtual Screening,Docking,Allosteric sites,
Structure-based Virtual Screening,Docking,Blind Docking,
Structure-based Virtual Screening,Docking,Blind Docking,
Structure-based Virtual Screening,Docking,Chemical Space Docking,
Structure-based Virtual Screening,Docking,Classical,
Structure-based Virtual Screening,Docking,Classical,
Structure-based Virtual Screening,Docking,Classical,
Structure-based Virtual Screening,Docking,Classical,
Structure-based Virtual Screening,Docking,Classical,
Structure-based Virtual Screening,Docking,Classical,
Structure-based Virtual Screening,Docking,Classical,
Structure-based Virtual Screening,Docking,Classical,
Structure-based Virtual Screening,Docking,Classical,
Structure-based Virtual Screening,Docking,Classical,
Structure-based Virtual Screening,Docking,Classical,
Structure-based Virtual Screening,Docking,Classical,
Structure-based Virtual Screening,Docking,Classical,
Structure-based Virtual Screening,Docking,Classical,
Structure-based Virtual Screening,Docking,Classical,
Structure-based Virtual Screening,Docking,Classical,
Structure-based Virtual Screening,Docking,Classical,
Structure-based Virtual Screening,Docking,Classical,
Structure-based Virtual Screening,Docking,Classical,
Structure-based Virtual Screening,Docking,Classical,
Structure-based Virtual Screening,Docking,Classical,
Structure-based Virtual Screening,Docking,Classical,
Structure-based Virtual Screening,Docking,Classical,
Structure-based Virtual Screening,Docking,Classical,
Structure-based Virtual Screening,Docking,Classical,
Structure-based Virtual Screening,Docking,Classical,
Structure-based Virtual Screening,Docking,Consensus,
Structure-based Virtual Screening,Docking,Consensus,
Structure-based Virtual Screening,Docking,Consensus,
Structure-based Virtual Screening,Docking,Consensus,
Structure-based Virtual Screening,Docking,Flexible Docking,
Structure-based Virtual Screening,Docking,Flexible Docking,
Structure-based Virtual Screening,Docking,Flexible Docking,
Structure-based Virtual Screening,Docking,Flexible Docking,
Structure-based Virtual Screening,Docking,Flexible Docking,
Structure-based Virtual Screening,Docking,Flexible Docking,
Structure-based Virtual Screening,Docking,Flexible Docking,
Structure-based Virtual Screening,Docking,Flexible Docking,
Structure-based Virtual Screening,Docking,Flexible Docking,
Structure-based Virtual Screening,Docking,Fragment-based,
Structure-based Virtual Screening,Docking,HPC enabled,
Structure-based Virtual Screening,Docking,HPC enabled,
Structure-based Virtual Screening,Docking,HPC enabled,
Structure-based Virtual Screening,Docking,HPC enabled,
Structure-based Virtual Screening,Docking,MD-based,
Structure-based Virtual Screening,Docking,ML-based,
Structure-based Virtual Screening,Docking,ML-based,
Structure-based Virtual Screening,Docking,ML-based,
Structure-based Virtual Screening,Docking,ML-based,
Structure-based Virtual Screening,Docking,ML-based,
Structure-based Virtual Screening,Docking,ML-based,
Structure-based Virtual Screening,Docking,ML-based,
Structure-based Virtual Screening,Docking,ML-based,
Structure-based Virtual Screening,Docking,ML-based,
Structure-based Virtual Screening,Docking,ML-based,
Structure-based Virtual Screening,Docking,ML-based,
Structure-based Virtual Screening,Docking,ML-based,
Structure-based Virtual Screening,Docking,ML-based,
Structure-based Virtual Screening,Docking,ML-based,
Structure-based Virtual Screening,Docking,ML-based,
Structure-based Virtual Screening,Docking,ML-based,
Structure-based Virtual Screening,Docking,ML-based,
Structure-based Virtual Screening,Docking,ML-based,
Structure-based Virtual Screening,Docking,ML-based,
Structure-based Virtual Screening,Docking,ML-based,
Structure-based Virtual Screening,Docking,ML-based,
Structure-based Virtual Screening,Docking,ML-based,
Structure-based Virtual Screening,Docking,ML-based,
Structure-based Virtual Screening,Docking,ML-based,
Structure-based Virtual Screening,Docking,ML-based,
Structure-based Virtual Screening,Docking,ML-based,
Structure-based Virtual Screening,Docking,ML-based,
Structure-based Virtual Screening,Docking,ML-based,
Structure-based Virtual Screening,Docking,ML-based,
Structure-based Virtual Screening,Docking,ML-based,
Structure-based Virtual Screening,Docking,ML-based,
Structure-based Virtual Screening,Docking,ML-based,
Structure-based Virtual Screening,Docking,ML-based,
Structure-based Virtual Screening,Docking,ML-based,
Structure-based Virtual Screening,Docking,ML-based,
Structure-based Virtual Screening,Docking,ML-based,
Structure-based Virtual Screening,Docking,ML-based,
Structure-based Virtual Screening,Docking,MetalloProteins,
Structure-based Virtual Screening,Docking,Multi-Ligand,
Structure-based Virtual Screening,Docking,Negative Image based,
Structure-based Virtual Screening,Docking,Negative Image based,
Structure-based Virtual Screening,Docking,Pose Optimisation,
Structure-based Virtual Screening,Docking,Protein Docking,
Structure-based Virtual Screening,Docking,Protein Docking,
Structure-based Virtual Screening,Docking,Protein Docking,
Structure-based Virtual Screening,Docking,Quantum,
Structure-based Virtual Screening,Docking,Reviews,
Structure-based Virtual Screening,Docking,Shape-based,
Structure-based Virtual Screening,Docking,Template,
Structure-based Virtual Screening,Docking,Water,
Structure-based Virtual Screening,Docking,WebServers,
Structure-based Virtual Screening,Docking,WebServers,
Structure-based Virtual Screening,Docking Pose Processing,Clustering,
Structure-based Virtual Screening,Docking Pose Processing,Interaction Filtering,
Structure-based Virtual Screening,Docking Pose Processing,Interaction Filtering,
Structure-based Virtual Screening,Docking Pose Processing,Interaction Filtering,
Structure-based Virtual Screening,Docking Pose Processing,Interaction recovery,
Structure-based Virtual Screening,Docking Pose Processing,Ligand Stability,
Structure-based Virtual Screening,Docking Pose Processing,ML Pose Selection,
Structure-based Virtual Screening,Docking Pose Processing,Metadynamics,
Structure-based Virtual Screening,Docking Pose Processing,Minimization,
Structure-based Virtual Screening,Docking Pose Processing,Minimization,
Structure-based Virtual Screening,Docking Pose Processing,Minimization,
Structure-based Virtual Screening,Docking Pose Processing,Minimization,
Structure-based Virtual Screening,Docking Pose Processing,Minimization,
Structure-based Virtual Screening,Docking Pose Processing,Other,
Structure-based Virtual Screening,Docking Pose Processing,Quality Assessment,
Structure-based Virtual Screening,Docking Pose Processing,Quality Assessment,
Structure-based Virtual Screening,Docking Pose Processing,Quality Assessment,
Structure-based Virtual Screening,Docking Pose Processing,Quality Assessment,
Structure-based Virtual Screening,Docking Pose Processing,Quality Assessment,
Structure-based Virtual Screening,Docking Pose Processing,Quality Assessment,
Structure-based Virtual Screening,Docking Pose Processing,RMSD calculation,
Structure-based Virtual Screening,Docking Pose Processing,RMSD calculation,
Structure-based Virtual Screening,Docking Pose Processing,RMSD calculation,
Structure-based Virtual Screening,Docking Score Prediction,,
Structure-based Virtual Screening,Docking Score Prediction,,
Structure-based Virtual Screening,Docking Score Prediction,,
Structure-based Virtual Screening,Docking Score Prediction,,
Structure-based Virtual Screening,Docking Score Prediction,,
Structure-based Virtual Screening,Docking Score Prediction,,
Structure-based Virtual Screening,Docking Score Prediction,,
Structure-based Virtual Screening,Docking Score Prediction,,
Structure-based Virtual Screening,Docking Score Prediction,,
Structure-based Virtual Screening,Ensemble Docking,ML Optimisation,
Structure-based Virtual Screening,ML+AI,Hashing-based,
Structure-based Virtual Screening,ML+AI,Reviews,
Structure-based Virtual Screening,ML+AI,Reviews,
Structure-based Virtual Screening,Performance Metrics,,
Structure-based Virtual Screening,Performance Metrics,,
Structure-based Virtual Screening,Scoring Functions,Carbohydrates,
Structure-based Virtual Screening,Scoring Functions,ElectroStatic Potential-based,
Structure-based Virtual Screening,Scoring Functions,Electron Density,
Structure-based Virtual Screening,Scoring Functions,Empirical,
Structure-based Virtual Screening,Scoring Functions,Empirical,
Structure-based Virtual Screening,Scoring Functions,Empirical,
Structure-based Virtual Screening,Scoring Functions,Empirical,
Structure-based Virtual Screening,Scoring Functions,For predicted structures,
Structure-based Virtual Screening,Scoring Functions,Hybrid,
Structure-based Virtual Screening,Scoring Functions,Hydration,
Structure-based Virtual Screening,Scoring Functions,Hydration,
Structure-based Virtual Screening,Scoring Functions,Knowledge-based,
Structure-based Virtual Screening,Scoring Functions,Knowledge-based,
Structure-based Virtual Screening,Scoring Functions,Knowledge-based,
Structure-based Virtual Screening,Scoring Functions,Knowledge-based,
Structure-based Virtual Screening,Scoring Functions,Machine-learning scoring functions,
Structure-based Virtual Screening,Scoring Functions,Machine-learning scoring functions,
Structure-based Virtual Screening,Scoring Functions,Machine-learning scoring functions,
Structure-based Virtual Screening,Scoring Functions,Machine-learning scoring functions,
Structure-based Virtual Screening,Scoring Functions,Machine-learning scoring functions,
Structure-based Virtual Screening,Scoring Functions,Machine-learning scoring functions,
Structure-based Virtual Screening,Scoring Functions,Machine-learning scoring functions,
Structure-based Virtual Screening,Scoring Functions,Machine-learning scoring functions,
Structure-based Virtual Screening,Scoring Functions,Machine-learning scoring functions,
Structure-based Virtual Screening,Scoring Functions,Machine-learning scoring functions,
Structure-based Virtual Screening,Scoring Functions,Machine-learning scoring functions,
Structure-based Virtual Screening,Scoring Functions,Machine-learning scoring functions,
Structure-based Virtual Screening,Scoring Functions,Machine-learning scoring functions,
Structure-based Virtual Screening,Scoring Functions,Machine-learning scoring functions,
Structure-based Virtual Screening,Scoring Functions,Machine-learning scoring functions,
Structure-based Virtual Screening,Scoring Functions,Machine-learning scoring functions,
Structure-based Virtual Screening,Scoring Functions,Machine-learning scoring functions,
Structure-based Virtual Screening,Scoring Functions,Machine-learning scoring functions,
Structure-based Virtual Screening,Scoring Functions,Machine-learning scoring functions,
Structure-based Virtual Screening,Scoring Functions,Machine-learning scoring functions,
Structure-based Virtual Screening,Scoring Functions,Machine-learning scoring functions,
Structure-based Virtual Screening,Scoring Functions,Machine-learning scoring functions,
Structure-based Virtual Screening,Scoring Functions,Machine-learning scoring functions,
Structure-based Virtual Screening,Scoring Functions,Machine-learning scoring functions,
Structure-based Virtual Screening,Scoring Functions,Machine-learning scoring functions,
Structure-based Virtual Screening,Scoring Functions,Machine-learning scoring functions,
Structure-based Virtual Screening,Scoring Functions,Machine-learning scoring functions,
Structure-based Virtual Screening,Scoring Functions,Machine-learning scoring functions,
Structure-based Virtual Screening,Scoring Functions,Machine-learning scoring functions,
Structure-based Virtual Screening,Scoring Functions,Machine-learning scoring functions,
Structure-based Virtual Screening,Scoring Functions,Machine-learning scoring functions,
Structure-based Virtual Screening,Scoring Functions,Machine-learning scoring functions,
Structure-based Virtual Screening,Scoring Functions,Machine-learning scoring functions,
Structure-based Virtual Screening,Scoring Functions,Machine-learning scoring functions,
Structure-based Virtual Screening,Scoring Functions,Machine-learning scoring functions,
Structure-based Virtual Screening,Scoring Functions,Machine-learning scoring functions,
Structure-based Virtual Screening,Scoring Functions,Machine-learning scoring functions,
Structure-based Virtual Screening,Scoring Functions,Machine-learning scoring functions,
Structure-based Virtual Screening,Scoring Functions,Machine-learning scoring functions,
Structure-based Virtual Screening,Scoring Functions,Machine-learning scoring functions,
Structure-based Virtual Screening,Scoring Functions,Machine-learning scoring functions,
Structure-based Virtual Screening,Scoring Functions,Machine-learning scoring functions,
Structure-based Virtual Screening,Scoring Functions,Machine-learning scoring functions,
Structure-based Virtual Screening,Scoring Functions,Machine-learning scoring functions,
Structure-based Virtual Screening,Scoring Functions,Machine-learning scoring functions,
Structure-based Virtual Screening,Scoring Functions,Machine-learning scoring functions,
Structure-based Virtual Screening,Scoring Functions,Machine-learning scoring functions,
Structure-based Virtual Screening,Scoring Functions,Machine-learning scoring functions,
Structure-based Virtual Screening,Scoring Functions,Machine-learning scoring functions,
Structure-based Virtual Screening,Scoring Functions,Machine-learning scoring functions,
Structure-based Virtual Screening,Scoring Functions,Machine-learning scoring functions,
Structure-based Virtual Screening,Scoring Functions,Machine-learning scoring functions,
Structure-based Virtual Screening,Scoring Functions,Machine-learning scoring functions,
Structure-based Virtual Screening,Scoring Functions,Machine-learning scoring functions,
Structure-based Virtual Screening,Scoring Functions,Machine-learning scoring functions,
Structure-based Virtual Screening,Scoring Functions,Machine-learning scoring functions,
Structure-based Virtual Screening,Scoring Functions,Machine-learning scoring functions,
Structure-based Virtual Screening,Scoring Functions,Machine-learning scoring functions,
Structure-based Virtual Screening,Scoring Functions,Machine-learning scoring functions,
Structure-based Virtual Screening,Scoring Functions,Machine-learning scoring functions,
Structure-based Virtual Screening,Scoring Functions,Machine-learning scoring functions,
Structure-based Virtual Screening,Scoring Functions,Machine-learning scoring functions,
Structure-based Virtual Screening,Scoring Functions,Machine-learning scoring functions,
Structure-based Virtual Screening,Scoring Functions,Machine-learning scoring functions,
Structure-based Virtual Screening,Scoring Functions,Machine-learning scoring functions,
Structure-based Virtual Screening,Scoring Functions,Machine-learning scoring functions,
Structure-based Virtual Screening,Scoring Functions,Machine-learning scoring functions,
Structure-based Virtual Screening,Scoring Functions,Machine-learning scoring functions,
Structure-based Virtual Screening,Scoring Functions,Machine-learning scoring functions,
Structure-based Virtual Screening,Scoring Functions,Machine-learning scoring functions,
Structure-based Virtual Screening,Scoring Functions,Metalloproteins Specific,
Structure-based Virtual Screening,Scoring Functions,Negative Image based,
Structure-based Virtual Screening,Scoring Functions,Negative Image based,
Structure-based Virtual Screening,Scoring Functions,Protein-ligand interaction fingerprints,
Structure-based Virtual Screening,Scoring Functions,Quantum-mechanical,
Structure-based Virtual Screening,Scoring Functions,Quantum-mechanical,
Structure-based Virtual Screening,Scoring Functions,RNA-specific,
Structure-based Virtual Screening,Scoring Functions,RNA-specific,
Structure-based Virtual Screening,Scoring Functions,RNA-specific,
Structure-based Virtual Screening,Scoring Functions,Relative Binding Affinity,
Structure-based Virtual Screening,Scoring Functions,Reviews,
Structure-based Virtual Screening,Scoring Functions,SF Optimisation,
Structure-based Virtual Screening,Scoring Functions,SF Optimisation,
Structure-based Virtual Screening,Scoring Functions,SF Optimisation,
Synthesis,Reaction Optimization,,
Synthesis,Retrosynthesis Prediction,,
Synthesis,Retrosynthesis Prediction,,
Synthesis,Retrosynthesis Prediction,,
Synthesis,Retrosynthesis Prediction,,
Synthesis,Retrosynthesis Prediction,,
Synthesis,Retrosynthesis Prediction,LLM,
Synthesis,Synthesisable Analog Generation,,
Synthesis,Synthetic Accessibility Score,,
Synthesis,Synthetic Accessibility Score,,
Synthesis,Synthetic Accessibility Score,,
Synthesis,Synthetic Accessibility Score,,
Synthesis,Synthetic Accessibility Score,,
Synthesis,Synthetic Accessibility Score,,
Synthesis,Synthetic Accessibility Score,,
Synthesis,Synthetic Accessibility Score,,
Synthesis,Synthetic Accessibility Score,,
Target Identification,Reviews,,
Target Identification,Target identification,Druggability Prediction,
Target Identification,Target identification,Knowledge graph,
Target Identification,Target identification,Structure-based,
Target Identification,Target identification,Target prediction models,
VS Workflows,Database,,
VS Workflows,Fragment-based,,
VS Workflows,Full Workflows,,
VS Workflows,Full Workflows,,
VS Workflows,Full Workflows,,
VS Workflows,Full Workflows,,
VS Workflows,Full Workflows,,
VS Workflows,Full Workflows,,
VS Workflows,Full Workflows,,
VS Workflows,Full Workflows,,
VS Workflows,Full Workflows,,
VS Workflows,Full Workflows,,
VS Workflows,Full Workflows,,
VS Workflows,Full Workflows,,
VS Workflows,Full Workflows,,
VS Workflows,Full Workflows,,
VS Workflows,Full Workflows,,
VS Workflows,Full Workflows,,
VS Workflows,Full Workflows,,
VS Workflows,Full Workflows,,
VS Workflows,Full Workflows,,
VS Workflows,Full Workflows,,
VS Workflows,Full Workflows,,
VS Workflows,Full Workflows,,
VS Workflows,Guides,,
VS Workflows,Workflow Calibration + Optimisation,,
Visualization Tools,3D visualization tools,,
Visualization Tools,3D visualization tools,,
Visualization Tools,3D visualization tools,,
Visualization Tools,3D visualization tools,,
Visualization Tools,3D visualization tools,,
Visualization Tools,3D visualization tools,,
Visualization Tools,3D visualization tools,,
Visualization Tools,3D visualization tools,,
Visualization Tools,3D visualization tools,,
Visualization Tools,3D visualization tools,,
Visualization Tools,3D visualization tools,,
Visualization Tools,3D visualization tools,,
Visualization Tools,3D visualization tools,,
Visualization Tools,3D visualization tools,,
Visualization Tools,3D visualization tools,,
Visualization Tools,3D visualization tools,,
Visualization Tools,3D visualization tools,,
Visualization Tools,3D visualization tools,,
Visualization Tools,3D visualization tools,,
Visualization Tools,3D visualization tools,,
Visualization Tools,Binding + Docking Poses,,
Visualization Tools,Binding + Docking Poses,,
Visualization Tools,Binding + Docking Poses,,
Visualization Tools,Binding + Docking Poses,,
Visualization Tools,Binding + Docking Poses,,
Visualization Tools,Biology + Medicine,,
Visualization Tools,Biology + Medicine,,
Visualization Tools,Chemistry,,
Visualization Tools,Chemistry,,
Visualization Tools,Chemistry,,
Visualization Tools,Chemistry,,
Visualization Tools,Chemistry,,
Visualization Tools,Chemistry,,
Visualization Tools,Chemistry,,
Visualization Tools,Chemistry,,
Visualization Tools,Chemistry,,
Visualization Tools,Chemistry,,
Visualization Tools,Chemistry,,
Visualization Tools,Chemistry,,
Visualization Tools,Drug Screening Data,,
Visualization Tools,General Plotting,,
Visualization Tools,General Plotting,,
Visualization Tools,General Plotting,,
Visualization Tools,High-Dimensional Data + Dimensionality reduction,,
Visualization Tools,High-dimensional data + Dimensionality reduction,,
Visualization Tools,High-dimensional data + Dimensionality reduction,,
Visualization Tools,High-dimensional data + Dimensionality reduction,,
Visualization Tools,High-dimensional data + Dimensionality reduction,,
Visualization Tools,High-dimensional data + Dimensionality reduction,,
Visualization Tools,High-dimensional data + Dimensionality reduction,,
Visualization Tools,Interactive Plots,,
Visualization Tools,Interactive Plots,,
Visualization Tools,MD Simulations,,
Visualization Tools,Other,,
Visualization Tools,Other,,
Visualization Tools,Other,,
Visualization Tools,Other,,
Visualization Tools,Other,,
Visualization Tools,Protein Sequences,,
Visualization Tools,SDF files,,
Visualization Tools,Virtual Screening,,
Workflow schedulers,Workflow schedulers,,
Workflow schedulers,Workflow schedulers,,
Workflow schedulers,Workflow schedulers,,
Workflow schedulers,Workflow schedulers,,
Workflow schedulers,Workflow schedulers,,
Workflow schedulers,Workflow schedulers,,
Workflow schedulers,Workflow schedulers,,
Workflow schedulers,Workflow schedulers,,
Workflow schedulers,Workflow schedulers,,
Workflow schedulers,Workflow schedulers,,
Workflow schedulers,Workflow schedulers,,
Workflow schedulers,Workflow schedulers,,
Workflow schedulers,Workflow schedulers,,
Workflow schedulers,Workflow schedulers,,
Workflow schedulers,Workflow schedulers,,
Workflow schedulers,Workflow schedulers,,
Workflow schedulers,Workflow schedulers,,
Workflow schedulers,Workflow schedulers,,
Workflow schedulers,Workflow schedulers,,
Workflow schedulers,Workflow schedulers,,
Workflow schedulers,Workflow schedulers,,
Workflow schedulers,Workflow schedulers,,
Workflow schedulers,Workflow schedulers,,
Workflow schedulers,Workflow schedulers,,
Workflow schedulers,Workflow schedulers,,
